{
  "final_nmi": 0.6033118355187638,
  "nmi_history": [
    0.6326273535236071,
    0.6353433642563951,
    0.630288820439666,
    0.662450621705321,
    0.6033118355187638
  ],
  "pe_history": [
    0.041976709946990015,
    0.04130980992130935,
    0.04123187991604209,
    0.04122543990239501,
    0.041222879897803065
  ],
  "sks_history": [
    1.0,
    1.0,
    1.0,
    1.0,
    1.0
  ],
  "train_time_sec": 4901.465544700623,
  "gate_pass": true
}