{
  "final_nmi": 0.043328265055081014,
  "nmi_history": [
    0.0455676463266027,
    0.04105978565761866,
    0.04493447028612215,
    0.03619033772796326,
    0.043328265055081014
  ],
  "pe_history": [
    0.04248481252230704,
    0.041670625121332704,
    0.04137912505771965,
    0.04127293751575053,
    0.04124124988447875
  ],
  "train_time_sec": 1706.3067817687988
}