{
  "embedding": {
    "nmi": 1.0,
    "accuracy": 1.0,
    "intra_mean": 0.8174618116446903,
    "inter_mean": 0.014516454613072938
  },
  "hac_prediction": {
    "accuracy": 0.6666666666666666,
    "correct": 2,
    "total": 3
  },
  "confidence_gate": {
    "ratio": 1.9721637909051384,
    "mean_focused": 0.9848351776599884,
    "mean_noise": 0.4993678426719271
  },
  "broadcast": {
    "ratio": 2.8095666247077866,
    "mean_baseline": 8897.6,
    "mean_broadcast": 24998.4
  },
  "timestamp": "2026-03-25 09:26"
}