{
  "args": {
    "n_train": 1200,
    "n_test_general": 300,
    "n_test_conj": 200,
    "n_epochs": 20,
    "hidden_dim": 64,
    "lr": 0.001,
    "device": "auto",
    "output": "_docs/stage78b_results.json",
    "seed": 42
  },
  "rules_only": {
    "general": {
      "overall_mse": 0.00030011916666666664,
      "per_var_mse": {
        "health": 0.0002671433333333333,
        "food": 0.0,
        "drink": 0.0,
        "energy": 0.0009333333333333334
      }
    },
    "conj": {
      "overall_mse": 0.012862250000000004,
      "per_var_mse": {
        "health": 0.011449,
        "food": 0.0,
        "drink": 0.0,
        "energy": 0.040000000000000015
      }
    }
  },
  "eval_general_before": {
    "overall_mse": 0.0003006941742343371,
    "per_var_mse": {
      "health": 0.0002670974515824069,
      "food": 2.3028835987704e-07,
      "drink": 2.912245100488338e-07,
      "energy": 0.0009351577324850154
    },
    "residual_abs_mean": {
      "health": 0.00030411173899409506,
      "food": 0.0003728370319337889,
      "drink": 0.00040944111233102374,
      "energy": 0.00035001139401032334
    }
  },
  "eval_conj_before": {
    "overall_mse": 0.012852309684537346,
    "per_var_mse": {
      "health": 0.011456700498238206,
      "food": 2.0972014247645777e-07,
      "drink": 2.2511730312022026e-07,
      "energy": 0.039952103402465584
    },
    "residual_abs_mean": {
      "health": 0.00022836585069740067,
      "food": 0.0003610243707805694,
      "drink": 0.0003595432089571204,
      "energy": 0.0003398087389240345
    }
  },
  "eval_general": {
    "overall_mse": 0.0001923935861891606,
    "per_var_mse": {
      "health": 0.00016260611994362823,
      "food": 4.649154089800129e-06,
      "drink": 1.9690568338985583e-06,
      "energy": 0.0006003500138893155
    },
    "residual_abs_mean": {
      "health": 0.006167974943916003,
      "food": 0.0014252028602641075,
      "drink": 0.0005098014804146563,
      "energy": 0.012212239007155101
    }
  },
  "eval_conj": {
    "overall_mse": 0.007141531287850792,
    "per_var_mse": {
      "health": 0.006446495280927582,
      "food": 3.311127746173703e-05,
      "drink": 1.915342342742543e-05,
      "energy": 0.022067365169586423
    },
    "residual_abs_mean": {
      "health": 0.033947751871310175,
      "food": 0.003975192909711041,
      "drink": 0.0029381511826068163,
      "energy": 0.06732512562535703
    }
  },
  "loss_curve": [
    0.0003680320688874694,
    0.00032702888104138464,
    0.00028193751082342453,
    0.00023269264364849255,
    0.0002125016264643209,
    0.0001942813993472825,
    0.00017555331449852903,
    0.00017155742178080136,
    0.0001600901654838379,
    0.00015901123099092954,
    0.00015648266723438848,
    0.0001399932233699023,
    0.00013388784541002341,
    0.0001319121761075768,
    0.00013888680162345087,
    0.00013725283075730546,
    0.0001385188916966895,
    0.000115393529375963,
    0.00011819884950756699,
    0.00012149665649830203
  ],
  "gate": {
    "passed": true,
    "conj_health_mse": 0.006446495280927582,
    "conj_health_gate": 0.008,
    "gen_health_mse": 0.00016260611994362823,
    "gen_health_gate": 0.012
  }
}