{
  "seed": 42,
  "device": "cuda",
  "results": [
    {
      "N": 10000,
      "priming_strength": 0.0,
      "mean_paired": 2.2e-05,
      "mean_random": 2e-05,
      "cross_modal_ratio": 1.1259,
      "pass": false,
      "grounding_map_visual_sdrs": 10,
      "train_time_s": 52.4,
      "test_time_s": 3.0,
      "total_time_s": 61.0,
      "peak_gpu_mb": 223.0,
      "per_category_paired": [
        3.3e-05,
        2.5e-05,
        5.8e-05,
        4.2e-05,
        3.4e-05,
        8e-06,
        0.0,
        5e-06,
        1.6e-05,
        0.0
      ],
      "per_category_random": [
        0.0,
        1.6e-05,
        2.1e-05,
        1.5e-05,
        3.5e-05,
        1.3e-05,
        0.0,
        2.7e-05,
        3e-05,
        3.9e-05
      ]
    },
    {
      "N": 10000,
      "priming_strength": 0.3,
      "mean_paired": 0.002681,
      "mean_random": 2.1e-05,
      "cross_modal_ratio": 128.162,
      "pass": true,
      "grounding_map_visual_sdrs": 10,
      "train_time_s": 48.7,
      "test_time_s": 3.3,
      "total_time_s": 52.0,
      "peak_gpu_mb": 294.0,
      "per_category_paired": [
        0.00233,
        0.002979,
        0.002519,
        0.002649,
        0.00231,
        0.003186,
        0.002874,
        0.002509,
        0.002812,
        0.002638
      ],
      "per_category_random": [
        1.4e-05,
        4.6e-05,
        9e-06,
        2.3e-05,
        1.2e-05,
        0.0,
        2.9e-05,
        1.5e-05,
        6.2e-05,
        0.0
      ]
    },
    {
      "N": 15000,
      "priming_strength": 0.0,
      "mean_paired": 2.4e-05,
      "mean_random": 3.2e-05,
      "cross_modal_ratio": 0.7524,
      "pass": false,
      "grounding_map_visual_sdrs": 10,
      "train_time_s": 71.4,
      "test_time_s": 5.2,
      "total_time_s": 79.9,
      "peak_gpu_mb": 367.0,
      "per_category_paired": [
        5.9e-05,
        1e-05,
        1.1e-05,
        2.1e-05,
        3.7e-05,
        3.2e-05,
        2.2e-05,
        1.9e-05,
        2e-05,
        1.3e-05
      ],
      "per_category_random": [
        8e-06,
        4.4e-05,
        3.7e-05,
        3.5e-05,
        7.5e-05,
        4.6e-05,
        3.7e-05,
        0.0,
        1.6e-05,
        2.7e-05
      ]
    },
    {
      "N": 15000,
      "priming_strength": 0.3,
      "mean_paired": 0.002705,
      "mean_random": 4.2e-05,
      "cross_modal_ratio": 64.3206,
      "pass": true,
      "grounding_map_visual_sdrs": 10,
      "train_time_s": 75.0,
      "test_time_s": 5.1,
      "total_time_s": 80.1,
      "peak_gpu_mb": 367.0,
      "per_category_paired": [
        0.003038,
        0.002562,
        0.001888,
        0.002768,
        0.002542,
        0.002688,
        0.002848,
        0.002945,
        0.002664,
        0.003107
      ],
      "per_category_random": [
        7.9e-05,
        5.1e-05,
        1.5e-05,
        2.7e-05,
        6.3e-05,
        9e-06,
        1.5e-05,
        4.8e-05,
        7.1e-05,
        4.4e-05
      ]
    },
    {
      "N": 25000,
      "priming_strength": 0.0,
      "mean_paired": 2.6e-05,
      "mean_random": 2.3e-05,
      "cross_modal_ratio": 1.1267,
      "pass": false,
      "grounding_map_visual_sdrs": 10,
      "train_time_s": 171.6,
      "test_time_s": 20.6,
      "total_time_s": 195.4,
      "peak_gpu_mb": 548.0,
      "per_category_paired": [
        1.3e-05,
        3.7e-05,
        4.6e-05,
        3.1e-05,
        1.5e-05,
        2.4e-05,
        1.7e-05,
        3.5e-05,
        3.8e-05,
        6e-06
      ],
      "per_category_random": [
        1.4e-05,
        1.4e-05,
        2e-05,
        6.7e-05,
        3.9e-05,
        1.6e-05,
        3.2e-05,
        2.4e-05,
        8e-06,
        0.0
      ]
    },
    {
      "N": 25000,
      "priming_strength": 0.3,
      "mean_paired": 0.002682,
      "mean_random": 2.1e-05,
      "cross_modal_ratio": 127.6277,
      "pass": true,
      "grounding_map_visual_sdrs": 10,
      "train_time_s": 217.6,
      "test_time_s": 17.6,
      "total_time_s": 235.2,
      "peak_gpu_mb": 546.0,
      "per_category_paired": [
        0.002934,
        0.002619,
        0.002578,
        0.002881,
        0.002352,
        0.002823,
        0.002649,
        0.002621,
        0.003031,
        0.002327
      ],
      "per_category_random": [
        1.9e-05,
        7e-06,
        5e-06,
        3.6e-05,
        3.6e-05,
        1.5e-05,
        2.6e-05,
        1e-06,
        3.5e-05,
        2.9e-05
      ]
    },
    {
      "N": 50000,
      "priming_strength": 0.0,
      "mean_paired": 2.6e-05,
      "mean_random": 1.8e-05,
      "cross_modal_ratio": 1.472,
      "pass": false,
      "grounding_map_visual_sdrs": 10,
      "train_time_s": 482.1,
      "test_time_s": 39.8,
      "total_time_s": 525.1,
      "peak_gpu_mb": 993.0,
      "per_category_paired": [
        1.4e-05,
        2.6e-05,
        3.6e-05,
        1.6e-05,
        2.1e-05,
        3e-05,
        8e-06,
        4.2e-05,
        3e-05,
        3.5e-05
      ],
      "per_category_random": [
        2.5e-05,
        1.2e-05,
        1.4e-05,
        1.5e-05,
        1.5e-05,
        2.7e-05,
        8e-06,
        1.1e-05,
        3.2e-05,
        1.6e-05
      ]
    },
    {
      "N": 50000,
      "priming_strength": 0.3,
      "mean_paired": 0.002461,
      "mean_random": 1.8e-05,
      "cross_modal_ratio": 134.4434,
      "pass": true,
      "grounding_map_visual_sdrs": 10,
      "train_time_s": 351.6,
      "test_time_s": 26.9,
      "total_time_s": 378.6,
      "peak_gpu_mb": 995.0,
      "per_category_paired": [
        0.002461,
        0.002685,
        0.0026,
        0.002455,
        0.002418,
        0.002201,
        0.002414,
        0.002476,
        0.002346,
        0.002555
      ],
      "per_category_random": [
        1.5e-05,
        3.2e-05,
        2.8e-05,
        2.1e-05,
        9e-06,
        7e-06,
        1e-05,
        1.1e-05,
        2.3e-05,
        2.6e-05
      ]
    }
  ]
}